{
  "properties": {
    "activities": [
      {
        "type": "TridentNotebook",
        "typeProperties": {
          "notebookId": "ef47676d-a969-4fd7-9dfe-df2a0ae7cca1",
          "workspaceId": "00000000-0000-0000-0000-000000000000",
          "parameters": {
            "start_date": {
              "value": {
                "value": "@formatDateTime(adddays(utcnow(),-1), 'yyyy-MM-dd')",
                "type": "Expression"
              },
              "type": "string"
            },
            "end_date": {
              "value": {
                "value": "@formatDateTime(utcnow(), 'yyyy-MM-dd')",
                "type": "Expression"
              },
              "type": "string"
            }
          }
        },
        "policy": {
          "timeout": "0.12:00:00",
          "retry": 0,
          "retryIntervalInSeconds": 30,
          "secureInput": false,
          "secureOutput": false
        },
        "name": "Brons Notebook",
        "dependsOn": []
      },
      {
        "type": "TridentNotebook",
        "typeProperties": {
          "notebookId": "1a46216d-32b9-4b6a-a68e-1995e63a19ea",
          "workspaceId": "00000000-0000-0000-0000-000000000000",
          "parameters": {
            "start_date": {
              "value": "@formatDateTime(adddays(utcnow(),-1), 'yyyy-MM-dd')",
              "type": "string"
            }
          }
        },
        "policy": {
          "timeout": "0.12:00:00",
          "retry": 0,
          "retryIntervalInSeconds": 30,
          "secureInput": false,
          "secureOutput": false
        },
        "name": "Silver Notebook",
        "dependsOn": [
          {
            "activity": "Brons Notebook",
            "dependencyConditions": [
              "Succeeded"
            ]
          }
        ]
      },
      {
        "type": "TridentNotebook",
        "typeProperties": {
          "notebookId": "c35a03a2-67c1-4aee-9051-fe0a512ab576",
          "workspaceId": "00000000-0000-0000-0000-000000000000",
          "parameters": {
            "start_date": {
              "value": "@formatDateTime(adddays(utcnow(),-1), 'yyyy-MM-dd')",
              "type": "string"
            }
          }
        },
        "policy": {
          "timeout": "0.12:00:00",
          "retry": 0,
          "retryIntervalInSeconds": 30,
          "secureInput": false,
          "secureOutput": false
        },
        "name": "Golden Notebook",
        "dependsOn": [
          {
            "activity": "Silver Notebook",
            "dependencyConditions": [
              "Succeeded"
            ]
          }
        ]
      }
    ],
    "variables": {
      "start_date": {
        "type": "String"
      }
    }
  }
}