{
  "config": "{\"version\":\"5.53\",\"themeCollection\":{\"baseTheme\":{\"name\":\"CY24SU05\",\"version\":\"5.53\",\"type\":2}},\"activeSectionIndex\":0,\"defaultDrillFilterOtherVisuals\":true,\"linguisticSchemaSyncVersion\":0,\"settings\":{\"useNewFilterPaneExperience\":true,\"allowChangeFilterTypes\":true,\"useStylableVisualContainerHeader\":true,\"queryLimitOption\":6,\"useEnhancedTooltips\":true,\"exportDataMode\":1,\"useDefaultAggregateDisplayName\":true},\"objects\":{\"section\":[{\"properties\":{\"verticalAlignment\":{\"expr\":{\"Literal\":{\"Value\":\"'Top'\"}}}}}],\"outspacePane\":[{\"properties\":{\"expanded\":{\"expr\":{\"Literal\":{\"Value\":\"false\"}}}}}]},\"creationSource\":\"QuickCreate\"}",
  "layoutOptimization": 0,
  "resourcePackages": [
    {
      "resourcePackage": {
        "disabled": false,
        "items": [
          {
            "name": "CY24SU05",
            "path": "BaseThemes/CY24SU05.json",
            "type": 202
          }
        ],
        "name": "SharedResources",
        "type": 2
      }
    }
  ],
  "sections": [
    {
      "config": "{}",
      "displayName": "Page 1",
      "displayOption": 2,
      "filters": "[]",
      "height": 720.00,
      "name": "ReportSection",
      "visualContainers": [
        {
          "config": "{\"name\":\"1c8abc9086c4dee4abe9\",\"layouts\":[{\"id\":0,\"position\":{\"x\":0,\"y\":110,\"z\":0,\"width\":1280,\"height\":610,\"tabOrder\":0}}],\"singleVisual\":{\"visualType\":\"azureMap\",\"projections\":{\"Category\":[{\"queryRef\":\"earthquake_events_gold.country_code\",\"active\":true}],\"Size\":[{\"queryRef\":\"Sum(earthquake_events_gold.sig)\"}],\"Series\":[{\"queryRef\":\"earthquake_events_gold.sig_class\"}],\"Tooltips\":[{\"queryRef\":\"Min(earthquake_events_gold.id)\"}]},\"prototypeQuery\":{\"Version\":2,\"From\":[{\"Name\":\"e\",\"Entity\":\"earthquake_events_gold\",\"Type\":0}],\"Select\":[{\"Column\":{\"Expression\":{\"SourceRef\":{\"Source\":\"e\"}},\"Property\":\"country_code\"},\"Name\":\"earthquake_events_gold.country_code\",\"NativeReferenceName\":\"Country\"},{\"Aggregation\":{\"Expression\":{\"Column\":{\"Expression\":{\"SourceRef\":{\"Source\":\"e\"}},\"Property\":\"sig\"}},\"Function\":4},\"Name\":\"Sum(earthquake_events_gold.sig)\",\"NativeReferenceName\":\"Maximum Significance\"},{\"Column\":{\"Expression\":{\"SourceRef\":{\"Source\":\"e\"}},\"Property\":\"sig_class\"},\"Name\":\"earthquake_events_gold.sig_class\",\"NativeReferenceName\":\"Classification\"},{\"Aggregation\":{\"Expression\":{\"Column\":{\"Expression\":{\"SourceRef\":{\"Source\":\"e\"}},\"Property\":\"id\"}},\"Function\":5},\"Name\":\"Min(earthquake_events_gold.id)\",\"NativeReferenceName\":\"# Events\"}]},\"columnProperties\":{\"earthquake_events_gold.country_code\":{\"displayName\":\"Country\"},\"Sum(earthquake_events_gold.sig)\":{\"displayName\":\"Maximum Significance\"},\"earthquake_events_gold.sig_class\":{\"displayName\":\"Classification\"},\"Min(earthquake_events_gold.id)\":{\"displayName\":\"# Events\"}},\"drillFilterOtherVisuals\":true,\"objects\":{\"mapControls\":[{\"properties\":{\"defaultStyle\":{\"expr\":{\"Literal\":{\"Value\":\"'satellite'\"}}},\"showStylePicker\":{\"expr\":{\"Literal\":{\"Value\":\"false\"}}},\"showNavigationControls\":{\"expr\":{\"Literal\":{\"Value\":\"true\"}}}}}],\"dataPoint\":[{\"properties\":{\"fill\":{\"solid\":{\"color\":{\"expr\":{\"Literal\":{\"Value\":\"'#666666'\"}}}}}},\"selector\":{\"data\":[{\"scopeId\":{\"Comparison\":{\"ComparisonKind\":0,\"Left\":{\"Column\":{\"Expression\":{\"SourceRef\":{\"Entity\":\"earthquake_events_gold\"}},\"Property\":\"sig_class\"}},\"Right\":{\"Literal\":{\"Value\":\"'High'\"}}}}}]}},{\"properties\":{\"fill\":{\"solid\":{\"color\":{\"expr\":{\"ThemeDataColor\":{\"ColorId\":0,\"Percent\":-0.3}}}}}},\"selector\":{\"data\":[{\"scopeId\":{\"Comparison\":{\"ComparisonKind\":0,\"Left\":{\"Column\":{\"Expression\":{\"SourceRef\":{\"Entity\":\"earthquake_events_gold\"}},\"Property\":\"sig_class\"}},\"Right\":{\"Literal\":{\"Value\":\"'Moderate'\"}}}}}]}},{\"properties\":{\"fill\":{\"solid\":{\"color\":{\"expr\":{\"ThemeDataColor\":{\"ColorId\":0,\"Percent\":-0.1}}}}}},\"selector\":{\"data\":[{\"scopeId\":{\"Comparison\":{\"ComparisonKind\":0,\"Left\":{\"Column\":{\"Expression\":{\"SourceRef\":{\"Entity\":\"earthquake_events_gold\"}},\"Property\":\"sig_class\"}},\"Right\":{\"Literal\":{\"Value\":\"'Low'\"}}}}}]}}],\"bubbleLayer\":[{\"properties\":{\"minBubbleRadius\":{\"expr\":{\"Literal\":{\"Value\":\"4L\"}}},\"maxRadius\":{\"expr\":{\"Literal\":{\"Value\":\"20L\"}}}}}]},\"vcObjects\":{\"title\":[{\"properties\":{\"show\":{\"expr\":{\"Literal\":{\"Value\":\"true\"}}},\"text\":{\"expr\":{\"Literal\":{\"Value\":\"'Earthquake Events'\"}}}}}],\"background\":[{\"properties\":{\"show\":{\"expr\":{\"Literal\":{\"Value\":\"false\"}}}}}],\"subTitle\":[{\"properties\":{\"show\":{\"expr\":{\"Literal\":{\"Value\":\"true\"}}},\"text\":{\"expr\":{\"Literal\":{\"Value\":\"'Bubble size is relative to maximum significance'\"}}}}}]}}}",
          "filters": "[]",
          "height": 610.00,
          "width": 1280.00,
          "x": 0.00,
          "y": 110.00,
          "z": 0.00
        },
        {
          "config": "{\"name\":\"679623983aaeef5798c5\",\"layouts\":[{\"id\":0,\"position\":{\"x\":20.822966507177032,\"y\":210.67942583732057,\"z\":5000,\"width\":300.0956937799043,\"height\":67.36842105263158,\"tabOrder\":5000}}],\"singleVisual\":{\"visualType\":\"multiRowCard\",\"projections\":{\"Values\":[{\"queryRef\":\"earthquake_events_gold.id\"},{\"queryRef\":\"Sum(earthquake_events_gold.sig)\"}]},\"prototypeQuery\":{\"Version\":2,\"From\":[{\"Name\":\"e\",\"Entity\":\"earthquake_events_gold\",\"Type\":0}],\"Select\":[{\"Aggregation\":{\"Expression\":{\"Column\":{\"Expression\":{\"SourceRef\":{\"Source\":\"e\"}},\"Property\":\"id\"}},\"Function\":5},\"Name\":\"earthquake_events_gold.id\",\"NativeReferenceName\":\"# Earthquakes\"},{\"Aggregation\":{\"Expression\":{\"Column\":{\"Expression\":{\"SourceRef\":{\"Source\":\"e\"}},\"Property\":\"sig\"}},\"Function\":4},\"Name\":\"Sum(earthquake_events_gold.sig)\",\"NativeReferenceName\":\"Max Significance\"}],\"OrderBy\":[{\"Direction\":2,\"Expression\":{\"Aggregation\":{\"Expression\":{\"Column\":{\"Expression\":{\"SourceRef\":{\"Source\":\"e\"}},\"Property\":\"id\"}},\"Function\":5}}}]},\"columnProperties\":{\"earthquake_events_gold.id\":{\"displayName\":\"# Earthquakes\"},\"Sum(earthquake_events_gold.sig)\":{\"displayName\":\"Max Significance\"}},\"drillFilterOtherVisuals\":true,\"hasDefaultSort\":true,\"objects\":{\"dataLabels\":[{\"properties\":{\"color\":{\"solid\":{\"color\":{\"expr\":{\"ThemeDataColor\":{\"ColorId\":0,\"Percent\":0}}}}},\"fontSize\":{\"expr\":{\"Literal\":{\"Value\":\"15D\"}}},\"bold\":{\"expr\":{\"Literal\":{\"Value\":\"true\"}}}}}],\"categoryLabels\":[{\"properties\":{\"color\":{\"solid\":{\"color\":{\"expr\":{\"ThemeDataColor\":{\"ColorId\":0,\"Percent\":0}}}}}}}],\"card\":[{\"properties\":{\"barColor\":{\"solid\":{\"color\":{\"expr\":{\"ThemeDataColor\":{\"ColorId\":0,\"Percent\":0}}}}},\"barWeight\":{\"expr\":{\"Literal\":{\"Value\":\"3D\"}}},\"outlineStyle\":{\"expr\":{\"Literal\":{\"Value\":\"4D\"}}},\"outlineColor\":{\"solid\":{\"color\":{\"expr\":{\"ThemeDataColor\":{\"ColorId\":0,\"Percent\":0}}}}},\"outlineWeight\":{\"expr\":{\"Literal\":{\"Value\":\"3D\"}}}}}]},\"vcObjects\":{\"background\":[{\"properties\":{\"show\":{\"expr\":{\"Literal\":{\"Value\":\"false\"}}}}}]}}}",
          "filters": "[]",
          "height": 67.37,
          "width": 300.10,
          "x": 20.82,
          "y": 210.68,
          "z": 5000.00
        },
        {
          "config": "{\"name\":\"88db74a505b9715e8962\",\"layouts\":[{\"id\":0,\"position\":{\"x\":489.95215311004785,\"y\":60.01913875598086,\"z\":3000,\"width\":150.6602870813397,\"height\":116.36363636363636,\"tabOrder\":3000}}],\"singleVisual\":{\"visualType\":\"slicer\",\"projections\":{\"Values\":[{\"queryRef\":\"earthquake_events_gold.type\",\"active\":true}]},\"prototypeQuery\":{\"Version\":2,\"From\":[{\"Name\":\"e\",\"Entity\":\"earthquake_events_gold\",\"Type\":0}],\"Select\":[{\"Column\":{\"Expression\":{\"SourceRef\":{\"Source\":\"e\"}},\"Property\":\"type\"},\"Name\":\"earthquake_events_gold.type\",\"NativeReferenceName\":\"type\"}]},\"drillFilterOtherVisuals\":true,\"objects\":{\"data\":[{\"properties\":{\"mode\":{\"expr\":{\"Literal\":{\"Value\":\"'Basic'\"}}}}}],\"general\":[{\"properties\":{}}],\"header\":[{\"properties\":{\"showRestatement\":{\"expr\":{\"Literal\":{\"Value\":\"false\"}}}}}]}}}",
          "filters": "[]",
          "height": 116.36,
          "width": 150.66,
          "x": 489.95,
          "y": 60.02,
          "z": 3000.00
        },
        {
          "config": "{\"name\":\"8b358e30b71555f221b1\",\"layouts\":[{\"id\":0,\"position\":{\"x\":464.22966507177034,\"y\":0,\"z\":2000,\"width\":512,\"height\":44.09569377990431,\"tabOrder\":2000}}],\"singleVisual\":{\"visualType\":\"slicer\",\"projections\":{\"Values\":[{\"queryRef\":\"earthquake_events_gold.sig_class\",\"active\":true}]},\"prototypeQuery\":{\"Version\":2,\"From\":[{\"Name\":\"e\",\"Entity\":\"earthquake_events_gold\",\"Type\":0}],\"Select\":[{\"Column\":{\"Expression\":{\"SourceRef\":{\"Source\":\"e\"}},\"Property\":\"sig_class\"},\"Name\":\"earthquake_events_gold.sig_class\",\"NativeReferenceName\":\"Classification\"}]},\"columnProperties\":{\"earthquake_events_gold.sig_class\":{\"displayName\":\"Classification\"}},\"drillFilterOtherVisuals\":true,\"objects\":{\"data\":[{\"properties\":{\"mode\":{\"expr\":{\"Literal\":{\"Value\":\"'Basic'\"}}}}}],\"general\":[{\"properties\":{\"orientation\":{\"expr\":{\"Literal\":{\"Value\":\"1D\"}}}}}],\"header\":[{\"properties\":{\"show\":{\"expr\":{\"Literal\":{\"Value\":\"false\"}}}}}]}}}",
          "filters": "[]",
          "height": 44.10,
          "width": 512.00,
          "x": 464.23,
          "y": 0.00,
          "z": 2000.00
        },
        {
          "config": "{\"name\":\"8ccf698a5b4cdfa0c34e\",\"layouts\":[{\"id\":0,\"position\":{\"x\":0,\"y\":0,\"z\":1000,\"width\":401.42857142857144,\"height\":87.14285714285715,\"tabOrder\":1000}}],\"singleVisual\":{\"visualType\":\"slicer\",\"projections\":{\"Values\":[{\"queryRef\":\"earthquake_events_gold.time\",\"active\":true}]},\"prototypeQuery\":{\"Version\":2,\"From\":[{\"Name\":\"e\",\"Entity\":\"earthquake_events_gold\",\"Type\":0}],\"Select\":[{\"Column\":{\"Expression\":{\"SourceRef\":{\"Source\":\"e\"}},\"Property\":\"time\"},\"Name\":\"earthquake_events_gold.time\",\"NativeReferenceName\":\"Select a data range\"}],\"OrderBy\":[{\"Direction\":1,\"Expression\":{\"Column\":{\"Expression\":{\"SourceRef\":{\"Source\":\"e\"}},\"Property\":\"time\"}}}]},\"columnProperties\":{\"earthquake_events_gold.time\":{\"displayName\":\"Select a data range\"}},\"drillFilterOtherVisuals\":true,\"hasDefaultSort\":true,\"objects\":{\"data\":[{\"properties\":{\"startDate\":{\"expr\":{\"Literal\":{\"Value\":\"datetime'2024-01-01T00:00:20.893'\"}}},\"endDate\":{\"expr\":{\"Literal\":{\"Value\":\"datetime'2024-02-25T10:57:39.765'\"}}},\"mode\":{\"expr\":{\"Literal\":{\"Value\":\"'Between'\"}}}}}],\"general\":[{\"properties\":{\"filter\":{\"filter\":{\"Version\":2,\"From\":[{\"Name\":\"e\",\"Entity\":\"earthquake_events_gold\",\"Type\":0}],\"Where\":[{\"Condition\":{\"And\":{\"Left\":{\"Comparison\":{\"ComparisonKind\":2,\"Left\":{\"Column\":{\"Expression\":{\"SourceRef\":{\"Source\":\"e\"}},\"Property\":\"time\"}},\"Right\":{\"Literal\":{\"Value\":\"datetime'2024-01-01T00:00:00'\"}}}},\"Right\":{\"Comparison\":{\"ComparisonKind\":3,\"Left\":{\"Column\":{\"Expression\":{\"SourceRef\":{\"Source\":\"e\"}},\"Property\":\"time\"}},\"Right\":{\"Literal\":{\"Value\":\"datetime'2024-02-26T00:00:00'\"}}}}}}}]}}}}]}}}",
          "filters": "[]",
          "height": 87.14,
          "width": 401.43,
          "x": 0.00,
          "y": 0.00,
          "z": 1000.00
        },
        {
          "config": "{\"name\":\"a369314a2fcd119d5aa2\",\"layouts\":[{\"id\":0,\"position\":{\"x\":656.5358851674641,\"y\":60.01913875598086,\"z\":4000,\"width\":111.46411483253588,\"height\":75.94258373205741,\"tabOrder\":4000}}],\"singleVisual\":{\"visualType\":\"slicer\",\"projections\":{\"Values\":[{\"queryRef\":\"earthquake_events_gold.tsunami\",\"active\":true}]},\"prototypeQuery\":{\"Version\":2,\"From\":[{\"Name\":\"e\",\"Entity\":\"earthquake_events_gold\",\"Type\":0}],\"Select\":[{\"Column\":{\"Expression\":{\"SourceRef\":{\"Source\":\"e\"}},\"Property\":\"tsunami\"},\"Name\":\"earthquake_events_gold.tsunami\",\"NativeReferenceName\":\"tsunami\"}]},\"drillFilterOtherVisuals\":true,\"objects\":{\"data\":[{\"properties\":{\"mode\":{\"expr\":{\"Literal\":{\"Value\":\"'Dropdown'\"}}}}}],\"general\":[{\"properties\":{}}]}}}",
          "filters": "[]",
          "height": 75.94,
          "width": 111.46,
          "x": 656.54,
          "y": 60.02,
          "z": 4000.00
        }
      ],
      "width": 1280.00
    }
  ]
}